translation_status,final_url,title,url_language,translated_languages,missing_languages,hreflang_languages,status_code,error
fully_translated,https://vapaaehtoistieto.punainenristi.fi/,Vapaaehtoistieto - Punainen Risti,,"fi, sv, en",,"en, sv, fi",200,
not_translated,https://vapaaehtoistieto.punainenristi.fi/valmius/ensiapuryhmatoiminta,Ensiapuryhmä-toiminta - Punainen Risti,,,"fi, sv, en",,200,
not_translated,https://vapaaehtoistieto.punainenristi.fi/ystavatoiminta,Ystävätoiminta - Punainen Risti,,,"fi, sv, en",,200,
partially_translated,https://vapaaehtoistieto.punainenristi.fi/ystavatoiminta/kaveritaitoja-ja-kaveritaitoja-muumien-tapaan,Kaveritaitoja ja Kaveritaitoja muumien tapaan - Punainen Risti,,"fi, sv",en,"sv, fi",200,
not_translated,https://vapaaehtoistieto.punainenristi.fi/ystavatoiminta/ajanjohtaista,Ajankohtaista - Punainen Risti,,,"fi, sv, en",,200,
not_translated,https://vapaaehtoistieto.punainenristi.fi/valmius/ensiapuryhmatoiminta/ensiapuryhmat,Ensiapuryhmät - Punainen Risti,,,"fi, sv, en",,200,
not_translated,https://vapaaehtoistieto.punainenristi.fi/ystavatoiminta/ystavatoiminnan-koulutukset,Ystävätoiminnan koulutukset - Punainen Risti,,,"fi, sv, en",,200,
not_translated,https://vapaaehtoistieto.punainenristi.fi/valmius/ensiapuryhmatoiminta/ensiapuryhmat/uutiset/ensiapupaivystajan-edellytykset,Ensiapupäivystäjän edellytykset - Punainen Risti,,,"fi, sv, en",,200,
not_translated,https://vapaaehtoistieto.punainenristi.fi/jarjestotoiminta/osastojen-tukimateriaalit/tervetuloa-vapaaehtoiseksi,Tervetuloa vapaaehtoiseksi - Punainen Risti,,,"fi, sv, en",,200,
not_translated,https://vapaaehtoistieto.punainenristi.fi/jarjestotoiminta/osastojen-tukimateriaalit/tervetuloa-vapaaehtoiseksi/astu-vapaaehtoisen-polulle,Astu vapaaehtoisen polulle - Punainen Risti,,,"fi, sv, en",,200,
not_translated,https://vapaaehtoistieto.punainenristi.fi/valmius/ensiapuryhmatoiminta/ensiapuryhmat/uutiset/voisitko-sina-kouluttaa-ensiapua-paihteita-kayttaville-ihmisille,Voisitko sinä kouluttaa ensiapua päihteitä käyttäville ihmisille? - Punainen Risti,,,"fi, sv, en",,200,
not_translated,https://vapaaehtoistieto.punainenristi.fi/ystavatoiminta/ystavatoiminnan-koulutukset/ystavatoiminnan-peruskurssit,Ystävätoiminnan peruskurssit - Punainen Risti,,,"fi, sv, en",,200,
not_translated,https://vapaaehtoistieto.punainenristi.fi/valmius/ensiapuryhmatoiminta/ensiapuryhmat/ensiapupaivystykset,Ensiapupäivystykset - Punainen Risti,,,"fi, sv, en",,200,
partially_translated,https://vapaaehtoistieto.punainenristi.fi/ystavatoiminta/ystavana-yksinaiselle,Ystävänä yksinäiselle - Punainen Risti,,"fi, sv",en,"sv, fi",200,
not_translated,https://vapaaehtoistieto.punainenristi.fi/jarjestotoiminta/osastojen-tukimateriaalit/vapaaehtoisuuden-tuki/vapaaehtoisten-vakuutukset,Vapaaehtoisten vakuutukset - Punainen Risti,,,"fi, sv, en",,200,
partially_translated,https://vapaaehtoistieto.punainenristi.fi/ystavatoiminta/ystavat-auttamisvalmiudessa,Ystävät auttamisvalmiudessa - Punainen Risti,,"fi, sv",en,"sv, fi",200,
not_translated,https://vapaaehtoistieto.punainenristi.fi/ystavatoiminta/ystavatoiminnan-koulutukset/ystavatoiminnan-peruskurssit/ystavakurssi-3h,Ystäväkurssi 3h - Punainen Risti,,,"fi, sv, en",,200,
not_translated,https://vapaaehtoistieto.punainenristi.fi/ystavatoiminta/ystavatoiminnan-koulutukset/ystavatoiminnan-peruskurssit/friend-activities-course-in-english,Course material on friend activities - Punainen Risti,,,"fi, sv, en",,200,
not_translated,https://vapaaehtoistieto.punainenristi.fi/jarjestotoiminta/osastojen-tukimateriaalit/osastojen-tuki/avustukset-osastoille,Avustukset osastoille - Punainen Risti,,,"fi, sv, en",,200,
not_translated,https://vapaaehtoistieto.punainenristi.fi/terveyden-edistaminen/paihdetyo,Päihdetyö - Punainen Risti,,,"fi, sv, en",,200,
not_translated,https://vapaaehtoistieto.punainenristi.fi/terveyden-edistaminen/paihdetyo/selviamispistetoiminta,Selviämispiste-toiminta - Punainen Risti,,,"fi, sv, en",,200,
not_translated,https://vapaaehtoistieto.punainenristi.fi/nuortentoiminta/nuorten-unelmien-punainen-risti,Nuorten unelmien Punainen Risti - Punainen Risti,,,"fi, sv, en",,200,
fully_translated,https://vapaaehtoistieto.punainenristi.fi/ruoka-apu/tietoa-ja-tukea-vapaaehtoisille/taloudellinen-tuki-osastoille,Taloudellinen tuki osastoille ruoka-apuun - Punainen Risti,,"fi, sv, en",,"en, sv, fi",200,
not_translated,https://vapaaehtoistieto.punainenristi.fi/terveyden-edistaminen/paihdetyo/paihdetyon_uutiset/uutiset-paihdetyo/spr-selviamispisteet-kesalla-2025,SPR Selviämispisteet kesällä 2025 - Punainen Risti,,,"fi, sv, en",,200,
not_translated,https://vapaaehtoistieto.punainenristi.fi/terveyden-edistaminen/paihdetyo/paihdetyon_uutiset/uutiset-paihdetyo/paihteita-kayttavien-ihmisten-ensiapukoulutus-huumekuolemien-ehkaisya-ja-ensiapua,Päihteitä käyttävien ihmisten: huumekuolemien ehkäisyä ja ensiapua - Punainen Risti,,,"fi, sv, en",,200,
partially_translated,https://vapaaehtoistieto.punainenristi.fi/ystavatoiminta/ystavavalittajat,Ystävävälittäjät - Punainen Risti,,"fi, sv",en,"sv, fi",200,
fully_translated,https://vapaaehtoistieto.punainenristi.fi/ruoka-apu,Ruoka-apu - Punainen Risti,,"fi, sv, en",,"en, sv, fi",200,
not_translated,https://vapaaehtoistieto.punainenristi.fi/jarjestotoiminta/osastojen-tukimateriaalit/osastojen-tuki,Osastojen tuki - Punainen Risti,,,"fi, sv, en",,200,
not_translated,https://vapaaehtoistieto.punainenristi.fi/nuortentoiminta,Nuorten toiminta - Punainen Risti,,,"fi, sv, en",,200,
fully_translated,https://vapaaehtoistieto.punainenristi.fi/jarjestotoiminta/osastojen-tukimateriaalit/osastojen-tuki/huomionosoitusohje-ja-anomuslomake,Huomionosoitusohje ja anomuslomake - Punainen Risti,,"fi, sv, en",,"en, sv, fi",200,
not_translated,https://vapaaehtoistieto.punainenristi.fi/terveyden-edistaminen/paihdetyo/paihdetyo-koulutuspolut/terveyden_edistamisen_toimintaryhmat,Terveyden edistämisen toimintaryhmät - Punainen Risti,,,"fi, sv, en",,200,
not_translated,https://vapaaehtoistieto.punainenristi.fi/jarjestotoiminta/osastojen-tukimateriaalit/osastojen-tuki/osaston-toiminnan-nakyvyys-verenluovutustilaisuuksissa,Osaston toiminnan näkyvyys verenluovutus-tilaisuuksissa - Punainen Risti,,,"fi, sv, en",,200,
not_translated,https://vapaaehtoistieto.punainenristi.fi/terveyden-edistaminen/paihdetyo/paihdetyon-yhteystiedot,Päihdetyön yhteystiedot - Punainen Risti,,,"fi, sv, en",,200,
not_translated,https://vapaaehtoistieto.punainenristi.fi/viestinta,Vapaaehtoisten viestintä - Punainen Risti,,,"fi, sv, en",,200,
partially_translated,https://vapaaehtoistieto.punainenristi.fi/nuortentoiminta/nallesairaala,Nallesairaala - Punainen Risti,,"fi, sv",en,"sv, fi",200,
not_translated,https://vapaaehtoistieto.punainenristi.fi/terveyden-edistaminen/paihdetyo/aineistoja_paihdetyohon,Aineistoja Päihdetyöhön - Punainen Risti,,,"fi, sv, en",,200,
fully_translated,https://vapaaehtoistieto.punainenristi.fi/jarjestotoiminta/osastojen-tukimateriaalit/osastojen-tuki/osastokummitoiminta,Osastokummitoiminta - Punainen Risti,,"fi, sv, en",,"en, sv, fi",200,
not_translated,https://vapaaehtoistieto.punainenristi.fi/ystavatoiminta/ystavatoiminnan-koulutukset/ystavatoiminnan-peruskurssit/ystavakurssi-ukrainaksi-ja-venajaksi,Ystäväkurssi ukrainaksi ja venäjäksi - Punainen Risti,,,"fi, sv, en",,200,
not_translated,https://vapaaehtoistieto.punainenristi.fi/ystavatoiminta/ystavatoiminnan-koulutukset/ystavatoiminnan-peruskurssit/ystavana-nuorelle-3h--ystavakurssi,Ystävänä nuorelle (3h) -ystäväkurssi - Punainen Risti,,,"fi, sv, en",,200,
not_translated,https://vapaaehtoistieto.punainenristi.fi/jarjestotoiminta/osastojen-tukimateriaalit/vapaaehtoisuuden-tuki/vapaaehtoisen-hyvinvointi,Vapaaehtoisen hyvinvointi - Punainen Risti,,,"fi, sv, en",,200,
error,https://vapaaehtoistieto.punainenristi.fi/vapaaehtoiseksi/ystavatoiminta//~/link/54b6d71999254f6e873b016962345bd7.aspx,,,,"fi, sv, en",,404,HTTP 404
not_translated,https://vapaaehtoistieto.punainenristi.fi/jarjestotoiminta/osastojen-tukimateriaalit/osastojen-tuki/osaston-kehittamistyokalu,Osaston kehittämistyökalu - Punainen Risti,,,"fi, sv, en",,200,
fully_translated,https://vapaaehtoistieto.punainenristi.fi/jarjestotoiminta/osastojen-tukimateriaalit/osastojen-tuki/vuoden-2025-tapahtumat-ja-paivamaarat-osastoille,Vuoden tapahtumat ja päivämäärät osastoille - Punainen Risti,,"fi, sv, en",,"en, sv, fi",200,
not_translated,https://vapaaehtoistieto.punainenristi.fi/jarjestotoiminta/osastojen-tukimateriaalit/vapaaehtoisuuden-tuki,Vapaaehtoisuuden tuki - Punainen Risti,,,"fi, sv, en",,200,
not_translated,https://vapaaehtoistieto.punainenristi.fi/ystavatoiminta/ystavatoiminnan-koulutukset/ystavatoiminnan-peruskurssit/uusi-sivu,Vänkurs - Punainen Risti,,,"fi, sv, en",,200,
not_translated,https://vapaaehtoistieto.punainenristi.fi/terveyden-edistaminen/paihdetyo/paihdetyon_uutiset,Päihdetyön uutiset - Punainen Risti,,,"fi, sv, en",,200,
not_translated,https://vapaaehtoistieto.punainenristi.fi/nuortentoiminta/nuorten-toiminnan-tunnustukset,Nuorten toiminnan tunnustukset - Punainen Risti,,,"fi, sv, en",,200,
fully_translated,https://vapaaehtoistieto.punainenristi.fi/jarjestotoiminta/oman-tukisivut,OMA:n tukisivut - Punainen Risti,,"fi, sv, en",,"en, sv, fi",200,
not_translated,https://vapaaehtoistieto.punainenristi.fi/terveyden-edistaminen/paihdetyo/aineistoja_paihdetyohon/paihdetyon-webinaari-tallenteet,Päihdetyön webinaari tallenteet - Punainen Risti,,,"fi, sv, en",,200,
not_translated,https://vapaaehtoistieto.punainenristi.fi/valmius/ensiapuryhmatoiminta/ensiapuryhmat/uutiset/ensiaputoiminnan-vuosikello,Ensiaputoiminnan vuosikello - Punainen Risti,,,"fi, sv, en",,200,
not_translated,https://vapaaehtoistieto.punainenristi.fi/terveyden-edistaminen/paihdetyo/aineistoja_paihdetyohon/ohjeet_ja_infovisojen_materiaalit,Ohjeet ja infovisojen materiaalit - Punainen Risti,,,"fi, sv, en",,200,
fully_translated,https://vapaaehtoistieto.punainenristi.fi/jarjestotoiminta/osastojen-tukimateriaalit/vapaaehtoisuuden-tuki/vapaaehtoistoiminnan-linjaus,Vapaaehtois-toiminnan linjaus - Punainen Risti,,"fi, sv, en",,"en, sv, fi",200,
fully_translated,https://vapaaehtoistieto.punainenristi.fi/jarjestotoiminta/oman-tukisivut/oman-tapahtumat,OMA:n tapahtumat - Punainen Risti,,"fi, sv, en",,"en, sv, fi",200,
fully_translated,https://vapaaehtoistieto.punainenristi.fi/jarjestotoiminta/osastojen-tukimateriaalit/osastojen-tuki/osaston-rekisteriotteen-tilaaminen,Osaston rekisteriotteen tilaaminen - Punainen Risti,,"fi, sv, en",,"en, sv, fi",200,
not_translated,https://vapaaehtoistieto.punainenristi.fi/jarjestotoiminta/osastojen-tukimateriaalit/vapaaehtoisuuden-tuki/vapaaehtoisten-perehdytys,Vapaaehtoisten perehdytys - Punainen Risti,,,"fi, sv, en",,200,
not_translated,https://vapaaehtoistieto.punainenristi.fi/jarjestotoiminta/osastojen-tukimateriaalit/osastojen-tuki/jarjeston-saannot,Järjestön säännöt - Punainen Risti,,,"fi, sv, en",,200,
not_translated,https://vapaaehtoistieto.punainenristi.fi/aakkoshaku,Vapaaehtoistieto aakkosittain - Punainen Risti,,,"fi, sv, en",,200,
not_translated,https://vapaaehtoistieto.punainenristi.fi/toimintamuodot,Vapaaehtoistieto toimintamuodoittain - Punainen Risti,,,"fi, sv, en",,200,
not_translated,https://vapaaehtoistieto.punainenristi.fi/jarjestotoiminta/osastojen-tukimateriaalit/vapaaehtoisuuden-tuki/vapaaehtoisten-kulukorvaukset,Vapaaehtoisten kulukorvaukset - Punainen Risti,,,"fi, sv, en",,200,
not_translated,https://vapaaehtoistieto.punainenristi.fi/terveyden-edistaminen/paihdetyo/paihdetyo-koulutuspolut,Suomen Punaisen Ristin Päihdetyön koulutuspolut - Punainen Risti,,,"fi, sv, en",,200,
fully_translated,https://www.punainenristi.fi:443/hae-apua-ja-tukea/tukea-ruoka-avusta,Tukea ruoka-avusta - Punainen Risti,,"fi, sv, en",,"en, sv, fi",200,
fully_translated,https://vapaaehtoistieto.punainenristi.fi/verkkoauttaminen/verkkoapu-ja-osastot,Valtakunnallinen verkkoapu ja osastotoiminta - Punainen Risti,,"fi, sv, en",,"en, sv, fi",200,
not_translated,https://vapaaehtoistieto.punainenristi.fi/jarjestotoiminta/osastojen-tukimateriaalit/osastojen-tuki/osaston-talousohjeet,Osaston talousohjeet - Punainen Risti,,,"fi, sv, en",,200,
not_translated,https://vapaaehtoistieto.punainenristi.fi/jarjestotoiminta/osastojen-tukimateriaalit,Osastojen tukimateriaalit - Punainen Risti,,,"fi, sv, en",,200,
not_translated,https://vapaaehtoistieto.punainenristi.fi/ruoka-apu/ruoka-aputoiminnan-kouluttajat,Ruoka-aputoiminnan koulutusmateriaalit - Punainen Risti,,,"fi, sv, en",,200,
not_translated,https://vapaaehtoistieto.punainenristi.fi/viestinta/viestinnan-vapaaehtoiskouluttajat/osastoviestinnan-perusteet,Osastoviestinnän perusteet -koulutus Punaisen Ristin vapaaehtoisille - Punainen Risti,,,"fi, sv, en",,200,
not_translated,https://vapaaehtoistieto.punainenristi.fi/maahanmuutto/maahanmuuttotyo,Maahanmuuttotyö - Punainen Risti,,,"fi, sv, en",,200,
fully_translated,https://vapaaehtoistieto.punainenristi.fi/tietosuoja,Tietosuoja - Punainen Risti,,"fi, sv, en",,"en, sv, fi",200,
fully_translated,https://vapaaehtoistieto.punainenristi.fi/jarjestotoiminta/vapaaehtoiskouluttajat/kouluttajien-yhteiset-aineistot/verkkokurssit-ja-etakoulutukset,Verkkokurssit - Punainen Risti,,"fi, sv, en",,"en, sv, fi",200,
not_translated,https://vapaaehtoistieto.punainenristi.fi/jarjestotoiminta/osastojen-tukimateriaalit/vapaaehtoisuuden-tuki/eettinen-vastuullinen-ilmastoystavallinen-ja-turvallinen-vapaaehtoistoiminta/lasten-kanssa-toimivien-vapaaehtoisten-rikostaustan-selvittaminen,Lasten kanssa toimivien vapaaehtoisten rikostaustan selvittäminen - Punainen Risti,,,"fi, sv, en",,200,
partially_translated,https://vapaaehtoistieto.punainenristi.fi/jarjestotoiminta/oman-tukisivut/ossi-osastorekisterityokalu,Ossi-osastorekisterityökalu - Punainen Risti,,"fi, sv",en,"sv, fi",200,
partially_translated,https://vapaaehtoistieto.punainenristi.fi/yleiskokous-2026/aikataulu-kohti-yleiskokousta,Aikataulu kohti yleiskokousta 2026 - Punainen Risti,,"fi, sv",en,"sv, fi",200,
not_translated,https://vapaaehtoistieto.punainenristi.fi/jarjestotoiminta/osastojen-tukimateriaalit/osastojen-tuki/osaston-luottamus--ja-yhdyshenkiloiden-ilmoittaminen,Osaston luottamus- ja yhdyshenkilöiden ilmoittaminen - Punainen Risti,,,"fi, sv, en",,200,
partially_translated,https://vapaaehtoistieto.punainenristi.fi/ystavatoiminta/ystavavalittajat/verkkoystavavalitys,Verkkoystävävälitys - Punainen Risti,,"fi, sv",en,"sv, fi",200,
not_translated,https://vapaaehtoistieto.punainenristi.fi/viestinta/viestinnan-vapaaehtoiskouluttajat/somen-kaytto-osastoissa,Somen käyttö osastoissa -koulutus Punaisen Ristin vapaaehtoisille - Punainen Risti,,,"fi, sv, en",,200,
not_translated,https://vapaaehtoistieto.punainenristi.fi/nuortentoiminta/nuorten-toiminnan-tunnustukset/nuori-vapaaehtoinen-tunnustus,Nuori vapaaehtoinen -tunnustus - Punainen Risti,,,"fi, sv, en",,200,
fully_translated,https://vapaaehtoistieto.punainenristi.fi/jarjestotoiminta/vapaaehtoiskouluttajat/kouluttajien-yhteiset-aineistot,Kouluttajien yhteiset materiaalit - Punainen Risti,,"fi, sv, en",,"en, sv, fi",200,
partially_translated,https://vapaaehtoistieto.punainenristi.fi/ruoka-apu/tietoa-ja-tukea-vapaaehtoisille,Tietoa ja tukea vapaaehtoisille ruoka-avusta - Punainen Risti,,"fi, sv",en,"sv, fi",200,
not_translated,https://vapaaehtoistieto.punainenristi.fi/jarjestotoiminta/osastojen-tukimateriaalit/vapaaehtoisuuden-tuki/eettinen-vastuullinen-ilmastoystavallinen-ja-turvallinen-vapaaehtoistoiminta/ilmastoystavallinen-vapaaehtoistoiminta,Ilmastoystävällinen vapaaehtoistoiminta - Punainen Risti,,,"fi, sv, en",,200,
partially_translated,https://vapaaehtoistieto.punainenristi.fi/jarjestotoiminta/osastojen-tukimateriaalit/vapaaehtoisuuden-tuki/eettinen-vastuullinen-ilmastoystavallinen-ja-turvallinen-vapaaehtoistoiminta/turvallisemman-tilan-periaatteet-punaisen-ristin-toiminnassa,Turvallisemman tilan periaatteet Punaisen Ristin toiminnassa - Punainen Risti,,"fi, sv",en,"sv, fi",200,
not_translated,https://vapaaehtoistieto.punainenristi.fi/terveyden-edistaminen/terveyden-edistamisen-toimintakalenteri,Terveyden edistämisen toimintakalenteri 2026 - Punainen Risti,,,"fi, sv, en",,200,
partially_translated,https://vapaaehtoistieto.punainenristi.fi/jarjestotoiminta/vapaaehtoiskouluttajat/kouluttajien-yhteiset-aineistot/opintokeskus-sivis,Yhteistö Opintokeskus Siviksen kanssa - Punainen Risti,,"fi, sv",en,"sv, fi",200,
partially_translated,https://vapaaehtoistieto.punainenristi.fi/jarjestotoiminta/osastojen-tukimateriaalit/osastojen-tuki/osastojen-tilastokyselyt-ja-kirjat,"Osastojen tiedonkeruu, tilastokyselyt ja tilastokirjat - Punainen Risti",,"fi, sv",en,"sv, fi",200,
partially_translated,https://vapaaehtoistieto.punainenristi.fi/maahanmuutto/rasismin-vastainen-viikko,Osallistu rasisminvastaiseen viikkoon - Punainen Risti,,"fi, sv",en,"sv, fi",200,
fully_translated,https://vapaaehtoistieto.punainenristi.fi/jarjestotoiminta/osastojen-tukimateriaalit/osastojen-tuki/punaisen-ristin-johtamisvalmennus,Punaisen Ristin johtamisvalmennus - Punainen Risti,,"fi, sv, en",,"en, sv, fi",200,
not_translated,https://vapaaehtoistieto.punainenristi.fi/nuortentoiminta/ohje-alaikaisten-henkilotietojen-keraamiseen-ja-kasittelyyn,Ohje alaikäisten henkilötietojen keräämiseen ja käsittelyyn - Punainen Risti,,,"fi, sv, en",,200,
fully_translated,https://vapaaehtoistieto.punainenristi.fi/jarjestotoiminta/vapaaehtoiskouluttajat/hae-vapaaehtoiskouluttajaksi,Hae vapaaehtois-kouluttajaksi - Punainen Risti,,"fi, sv, en",,"en, sv, fi",200,
partially_translated,https://vapaaehtoistieto.punainenristi.fi/jarjestotoiminta/vapaaehtoiskouluttajat/jarjestokouluttajat,Järjestökouluttajat - Punainen Risti,,"fi, sv",en,"sv, fi",200,
not_translated,https://vapaaehtoistieto.punainenristi.fi/jarjestotoiminta/osastojen-tukimateriaalit/vapaaehtoisliivien-uudistus,Vanhojen vapaaehtoisliivien kierrätys - Punainen Risti,,,"fi, sv, en",,200,
partially_translated,https://vapaaehtoistieto.punainenristi.fi/viestinta/osastojen-viestinta,Työkaluja osastojen viestintään - Punainen Risti,,"fi, sv",en,"sv, fi",200,
not_translated,https://vapaaehtoistieto.punainenristi.fi/jarjestotoiminta/osastojen-tukimateriaalit/vapaaehtoisuuden-tuki/eettinen-vastuullinen-ilmastoystavallinen-ja-turvallinen-vapaaehtoistoiminta/esteettomampi-vapaaehtoistoiminta,Esteettömämpi vapaaehtoistoiminta - Punainen Risti,,,"fi, sv, en",,200,
not_translated,https://vapaaehtoistieto.punainenristi.fi/jarjestotoiminta/osastojen-tukimateriaalit/vapaaehtoisuuden-tuki/eettinen-vastuullinen-ilmastoystavallinen-ja-turvallinen-vapaaehtoistoiminta/sateenkaarevuus-vapaaehtoistoiminnassa,Sateenkaarevuus vapaaehtoistoiminnassa - Punainen Risti,,,"fi, sv, en",,200,
not_translated,https://vapaaehtoistieto.punainenristi.fi/ruoka-apu/tietoa-ja-tukea-vapaaehtoisille/taydenna-osaamistasi,Täydennä osaamistasi - Punainen Risti,,,"fi, sv, en",,200,
not_translated,https://vapaaehtoistieto.punainenristi.fi/jarjestotoiminta/osastojen-tukimateriaalit/hallituksen-ja-valiokuntien-tiedotteet-jasenistolle,Hallituksen ja valiokuntien tiedotteet jäsenistölle - Punainen Risti,,,"fi, sv, en",,200,
not_translated,https://vapaaehtoistieto.punainenristi.fi/jarjestotoiminta/osastojen-tukimateriaalit/vapaaehtoisuuden-tuki/uusien-vapaaehtoisten-vastaanotto,Uusien vapaaehtoisten vastaanotto - Punainen Risti,,,"fi, sv, en",,200,
fully_translated,https://vapaaehtoistieto.punainenristi.fi/jarjestotoiminta/oman-tukisivut/tarvitsetko-lisaa-apua,Tarvitsetko lisää apua OMA:n kanssa? - Punainen Risti,,"fi, sv, en",,"en, sv, fi",200,
fully_translated,https://vapaaehtoistieto.punainenristi.fi/jarjestotoiminta/oman-tukisivut/oman-kayttajaprofiili,OMA:n käyttäjäprofiili - Punainen Risti,,"fi, sv, en",,"en, sv, fi",200,
not_translated,https://vapaaehtoistieto.punainenristi.fi/terveyden-edistaminen,Terveyden edistäminen - Punainen Risti,,,"fi, sv, en",,200,
partially_translated,https://vapaaehtoistieto.punainenristi.fi/maahanmuutto/maahanmuuttotyo/maahanmuuttotyon-uutiskirjeet/tavallisia-ihmisia-vaikeassa-asemassa--tukipiste-mosaiikki-auttaa-paperittomia-helsingissa,Tavallisia ihmisiä vaikeassa asemassa – Tukipiste Mosaiikki auttaa paperittomia Helsingissä - Punainen Risti,,"fi, sv",en,"sv, fi",200,
not_translated,https://vapaaehtoistieto.punainenristi.fi/jarjestotoiminta/osastojen-tukimateriaalit/tervetuloa-vapaaehtoiseksi/keskeiset-kasitteet-tutuksi-vapaaehtoiselle,Keskeiset käsitteet tutuiksi vapaaehtoisille - Punainen Risti,,,"fi, sv, en",,200,
partially_translated,https://vapaaehtoistieto.punainenristi.fi/ystavatoiminta/ystavatoiminnan-materiaalit,Ystävätoiminnan materiaalit - Punainen Risti,,"fi, sv",en,"sv, fi",200,
not_translated,https://vapaaehtoistieto.punainenristi.fi/valmius/kotimaan-valmius,Kotimaan valmius - Punainen Risti,,,"fi, sv, en",,200,
partially_translated,https://vapaaehtoistieto.punainenristi.fi/maahanmuutto/maahanmuuttotyo/maahanmuuttotyon-uutiskirjeet/punainen-risti-pitaa-yhta--nuoret-saksan-punaisen-ristin-vieraina,Punainen Risti pitää yhtä – Nuoret Saksan Punaisen Ristin vieraina - Punainen Risti,,"fi, sv",en,"sv, fi",200,
partially_translated,https://vapaaehtoistieto.punainenristi.fi/jarjestotoiminta/tyosuhdeasiat-ja-palkanlaskenta,Työsuhdeasiat ja palkanlaskenta - Punainen Risti,,"fi, sv",en,"sv, fi",200,
not_translated,https://vapaaehtoistieto.punainenristi.fi/ystavatoiminta/webinaarit-vapaaehtoisille,Webinaarit vapaaehtoisille - Punainen Risti,,,"fi, sv, en",,200,
not_translated,https://vapaaehtoistieto.punainenristi.fi/valmius/ensiapuryhmatoiminta/ensiapuryhmat/ensiapuryhmien-yhteystiedot,Ensiapuryhmien yhteystiedot - Punainen Risti,,,"fi, sv, en",,200,
not_translated,https://vapaaehtoistieto.punainenristi.fi/jarjestotoiminta/osastojen-tukimateriaalit/vapaaehtoisuuden-tuki/eettinen-vastuullinen-ilmastoystavallinen-ja-turvallinen-vapaaehtoistoiminta/turvallisuus-vapaaehtoistoiminnassa,Turvallisuus vapaaehtoistoiminnassa - Punainen Risti,,,"fi, sv, en",,200,
partially_translated,https://vapaaehtoistieto.punainenristi.fi/jarjestotoiminta/vapaaehtoiskouluttajat/kouluttajien-yhteiset-aineistot/osallistavat-menetelmat-koulutuksissa,Osallistavat menetelmät koulutuksissa - Punainen Risti,,"fi, sv",en,"sv, fi",200,
fully_translated,https://vapaaehtoistieto.punainenristi.fi/punainen-risti-uudistuu,Punainen Risti uudistuu - Punainen Risti,,"fi, sv, en",,"en, sv, fi",200,
partially_translated,https://vapaaehtoistieto.punainenristi.fi/ystavatoiminta/tapahtumamalleja/joulukahvila,Joulukahvila - Punainen Risti,,"fi, sv",en,"sv, fi",200,
not_translated,https://vapaaehtoistieto.punainenristi.fi/nuortentoiminta/nuoriystavallinen-osasto,Nuoriystävällinen osasto - Punainen Risti,,,"fi, sv, en",,200,
fully_translated,https://vapaaehtoistieto.punainenristi.fi/jarjestotoiminta/vapaaehtoiskouluttajat/kouluttajien-yhteiset-aineistot/moninaisuus-vapaaehtoistoiminnassa--koulutusmoduuli,Moninaisuus vapaaehtoistoiminnassa -koulutusmoduuli - Punainen Risti,,"fi, sv, en",,"en, sv, fi",200,
not_translated,https://vapaaehtoistieto.punainenristi.fi/terveyden-edistaminen/arjen-turvallisuus,Tapaturmien ehkäisy - Punainen Risti,,,"fi, sv, en",,200,
not_translated,https://vapaaehtoistieto.punainenristi.fi/terveyden-edistaminen/arjen-turvallisuus/turvakoutsi-valmentajat,Turvakoutsi-valmentajat - Punainen Risti,,,"fi, sv, en",,200,
fully_translated,https://vapaaehtoistieto.punainenristi.fi/jarjestotoiminta/osastojen-tukimateriaalit/vapaaehtoisuuden-tuki/lyhytkestoiset-vapaaehtoistehtavat,Lyhytkestoiset vapaaehtoistehtävät Punaisella Ristillä - Punainen Risti,,"fi, sv, en",,"en, sv, fi",200,
not_translated,https://vapaaehtoistieto.punainenristi.fi/ystavatoiminta/ystavatoiminnan-koulutukset/ystavakouluttajana-toimiminen,Ystäväkouluttajana toimiminen - Punainen Risti,,,"fi, sv, en",,200,
partially_translated,https://vapaaehtoistieto.punainenristi.fi/ystavatoiminta/tapahtumamalleja,Ystävätoiminnan tapahtumamallit - Punainen Risti,,"fi, sv",en,"sv, fi",200,
partially_translated,https://vapaaehtoistieto.punainenristi.fi/yleiskokous-2026/nuori--tule-mukaan-vaikuttamaan,Nuori - tule mukaan vaikuttamaan! - Punainen Risti,,"fi, sv",en,"sv, fi",200,
not_translated,https://vapaaehtoistieto.punainenristi.fi/nuortentoiminta/nuoriystavallinen-osasto/toimintatapojen-kehittaminen,Toimintatapojen kehittäminen - Punainen Risti,,,"fi, sv, en",,200,
not_translated,https://vapaaehtoistieto.punainenristi.fi/terveyden-edistaminen/arjen-turvallisuus/turvallisuuskampanjat,Turvallisuus-kampanjat - Punainen Risti,,,"fi, sv, en",,200,
not_translated,https://vapaaehtoistieto.punainenristi.fi/jarjestotoiminta/osastojen-tukimateriaalit/vapaaehtoisuuden-tuki/eettinen-vastuullinen-ilmastoystavallinen-ja-turvallinen-vapaaehtoistoiminta/moninainen-rekrytointi,Moninainen vapaaehtoisrekrytointi - Punainen Risti,,,"fi, sv, en",,200,
partially_translated,https://vapaaehtoistieto.punainenristi.fi/jarjestotoiminta/vapaaehtoiskouluttajat/jarjestokouluttajat/lippu-korkealle,Lippu korkealle! - Punainen Risti,,"fi, sv",en,"sv, fi",200,
not_translated,https://vapaaehtoistieto.punainenristi.fi/maahanmuutto/maahanmuuttotyo/paperittomien-tuki-ohjaus-ja-neuvonta,"Paperittomien tuki, ohjaus ja neuvonta - Punainen Risti",,,"fi, sv, en",,200,
not_translated,https://vapaaehtoistieto.punainenristi.fi/maahanmuutto/maahanmuuttotyo/vapaaehtoiset-kertovat,Vapaaehtoiset kertovat - Punainen Risti,,,"fi, sv, en",,200,
fully_translated,https://vapaaehtoistieto.punainenristi.fi/jarjestotoiminta/vapaaehtoiskouluttajat/kouluttajien-yhteiset-aineistot/punaisen-ristin-tarina--verkkokoulutus,Tervetuloa Punaiseen Ristiin -verkkokurssi - Punainen Risti,,"fi, sv, en",,"en, sv, fi",200,
not_translated,https://vapaaehtoistieto.punainenristi.fi/ystavatoiminta/ystavatoiminnan-koulutukset/ystavakouluttajana-toimiminen/kouluttajapaivien-materiaali,Kouluttajapäivien materiaalit - Punainen Risti,,,"fi, sv, en",,200,
fully_translated,https://vapaaehtoistieto.punainenristi.fi/jarjestotoiminta/osastojen-tukimateriaalit/osastojen-tuki/jarjeston-saannot-toimintalinjaukset-ja--suunnitelmat,Järjestön toimintalinjaukset ja -suunnitelmat - Punainen Risti,,"fi, sv, en",,"en, sv, fi",200,
not_translated,https://vapaaehtoistieto.punainenristi.fi/jarjestotoiminta/osastojen-tukimateriaalit/vapaaehtoisuuden-tuki/eettinen-vastuullinen-ilmastoystavallinen-ja-turvallinen-vapaaehtoistoiminta/seksuaalisen-hairinnan-ja-hyvaksikayton-ehkaisy,Seksuaalisen häirinnän ja hyväksikäytön ehkäisy - Punainen Risti,,,"fi, sv, en",,200,
not_translated,https://vapaaehtoistieto.punainenristi.fi/jarjestotoiminta/osastojen-tukimateriaalit/osastojen-tuki/paikallisten-tarpeiden-arviointi,Paikallisten tarpeiden arviointi - Punainen Risti,,,"fi, sv, en",,200,
not_translated,https://vapaaehtoistieto.punainenristi.fi/maahanmuutto/maahanmuuttotyo/vaikuttamistyo,Vaikuttamistyö - Punainen Risti,,,"fi, sv, en",,200,
partially_translated,https://vapaaehtoistieto.punainenristi.fi/ystavatoiminta/ystavavalittajat/ohjeita-valittajille,Ohjeita välittäjille - Punainen Risti,,"fi, sv",en,"sv, fi",200,
not_translated,https://vapaaehtoistieto.punainenristi.fi/nuortentoiminta/valtakunnallinen-nuorisotoimikunta,Valtakunnallinen nuorisotoimikunta - Punainen Risti,,,"fi, sv, en",,200,
not_translated,https://vapaaehtoistieto.punainenristi.fi/viestinta/viestinnan-vapaaehtoiskouluttajat,Viestinnän kouluttajat - Punainen Risti,,,"fi, sv, en",,200,
fully_translated,https://vapaaehtoistieto.punainenristi.fi/jarjestotoiminta/vapaaehtoiskouluttajat/kouluttajien-yhteiset-aineistot/yhteiset-mallit-ja-pohjat,Yhteiset mallit ja pohjat - Punainen Risti,,"fi, sv, en",,"en, sv, fi",200,
not_translated,https://vapaaehtoistieto.punainenristi.fi/jarjestotoiminta/osastojen-tukimateriaalit/vapaaehtoisuuden-tuki/eettinen-vastuullinen-ilmastoystavallinen-ja-turvallinen-vapaaehtoistoiminta/sopuisasti-punaisessa-ristissa,Sopuisasti Punaisessa Ristissä - Punainen Risti,,,"fi, sv, en",,200,
fully_translated,https://vapaaehtoistieto.punainenristi.fi/jarjestotoiminta/oman-tukisivut/oman-osastojen-hallintanakymat,OMA:n osastojen hallintanäkymä - Punainen Risti,,"fi, sv, en",,"en, sv, fi",200,
not_translated,https://vapaaehtoistieto.punainenristi.fi/valmius/psykososiaalinen-tuki,Psykososiaalinen tuki - Punainen Risti,,,"fi, sv, en",,200,
not_translated,https://vapaaehtoistieto.punainenristi.fi/terveyden-edistaminen/paihdetyo/paihdetyon_uutiset/uutiset-paihdetyo/voisitko-sina-kouluttaa-ensiapua-paihteita-kayttaville-ihmisille,Voisitko sinä kouluttaa ensiapua päihteitä käyttäville ihmisille? - Punainen Risti,,,"fi, sv, en",,200,
not_translated,https://vapaaehtoistieto.punainenristi.fi/terveyden-edistaminen/terveyspisteet/toteutusohje-ja-toiminnan-periaatteet,Terveyspisteen toteutusohje ja toiminnan periaatteet - Punainen Risti,,,"fi, sv, en",,200,
error,https://vapaaehtoistieto.punainenristi.fi/EPiServer/CMS/~/link/62d4383794a845978231d8795dd82fbc.aspx,,,,"fi, sv, en",,404,HTTP 404
partially_translated,https://vapaaehtoistieto.punainenristi.fi/verkkoauttaminen/vapaaehtoiset-verkkoyhteisoissa,Ohjeita verkkoyhteisöjen vapaaehtoisille - Punainen Risti,,"fi, en",sv,"en, fi",200,
not_translated,https://vapaaehtoistieto.punainenristi.fi/jarjestotoiminta/osastojen-tukimateriaalit/vapaaehtoisuuden-tuki/eettinen-vastuullinen-ilmastoystavallinen-ja-turvallinen-vapaaehtoistoiminta/vapaaehtoisten-uhka--ja-vaaratilanne-tyokalu,Vapaaehtoisten uhka- ja vaaratilanne-työkalu - Punainen Risti,,,"fi, sv, en",,200,
not_translated,https://vapaaehtoistieto.punainenristi.fi/nuortentoiminta/vanuton-toiminpidesuositukset,Vanuton toiminpidesuositukset - Punainen Risti,,,"fi, sv, en",,200,
not_translated,https://vapaaehtoistieto.punainenristi.fi/jarjestotoiminta/osastojen-tukimateriaalit/osastojen-tuki/osaston-talousohjeet/talousohjeet-aiheittain,Talousohjeet aiheittain - Punainen Risti,,,"fi, sv, en",,200,
not_translated,https://vapaaehtoistieto.punainenristi.fi/nuortentoiminta/nuorten-yleiskokous/nuorten-yleiskokous-2026,Nuorten yleiskokous 2026 - Punainen Risti,,,"fi, sv, en",,200,
not_translated,https://vapaaehtoistieto.punainenristi.fi/nuortentoiminta/nuorten-digiraadit,Nuorten Digiraati - Punainen Risti,,,"fi, sv, en",,200,
not_translated,https://vapaaehtoistieto.punainenristi.fi/jarjestotoiminta/osastojen-tukimateriaalit/vapaaehtoisuuden-tuki/vapaaehtoisuus-tilastoina,Vapaaehtoisuus tilastoina - Punainen Risti,,,"fi, sv, en",,200,
partially_translated,https://vapaaehtoistieto.punainenristi.fi/jarjestotoiminta/vapaaehtoiskouluttajat/jarjestokouluttajat/punainen-risti-tutuksi,Punainen Risti tutuksi - Punainen Risti,,"fi, sv",en,"sv, fi",200,
not_translated,https://vapaaehtoistieto.punainenristi.fi/maahanmuutto/maahanmuuttotyo/vapaaehtoiset-kertovat/leenan-tarina---ystavana-suomeen-muuttaneelle,Leenan tarina - ystävänä Suomeen muuttaneelle - Punainen Risti,,,"fi, sv, en",,200,
not_translated,https://vapaaehtoistieto.punainenristi.fi/jarjestotoiminta/osastojen-tukimateriaalit/vapaaehtoisuuden-tuki/eettinen-vastuullinen-ilmastoystavallinen-ja-turvallinen-vapaaehtoistoiminta/sopuisasti-punaisessa-ristissa/vapaaehtoisen-toimintakielto,Vapaaehtoisen toimintakielto SPR - Punainen Risti,,,"fi, sv, en",,200,
fully_translated,https://vapaaehtoistieto.punainenristi.fi/verkkoauttaminen/verkkoystava,Ystävänä verkossa - Punainen Risti,,"fi, sv, en",,"en, sv, fi",200,
partially_translated,https://vapaaehtoistieto.punainenristi.fi/yleiskokous-2026/ohjeita-osallistujalle,Yleiskokouksen käytännön tietoa ja ohjeita osallistujalle - Punainen Risti,,"fi, sv",en,"sv, fi",200,
not_translated,https://vapaaehtoistieto.punainenristi.fi/ruoka-apu/ruoka-aputoiminnan-kouluttajat/ruoka-aputoiminnan-peruskurssi,Ruoka-aputoiminnan peruskurssi - Punainen Risti,,,"fi, sv, en",,200,
not_translated,https://vapaaehtoistieto.punainenristi.fi/nuortentoiminta/nuoriystavallinen-osasto/toimintamuotojen-kehittaminen,Toimintamuotojen kehittäminen - Punainen Risti,,,"fi, sv, en",,200,
not_translated,https://vapaaehtoistieto.punainenristi.fi/valmius/psykososiaalinen-tuki/henkisen-tuen-ryhmat,Henkisen tuen ryhmät - Punainen Risti,,,"fi, sv, en",,200,
not_translated,https://vapaaehtoistieto.punainenristi.fi/maahanmuutto,Maahanmuutto - Punainen Risti,,,"fi, sv, en",,200,
not_translated,https://vapaaehtoistieto.punainenristi.fi/terveyden-edistaminen/arjen-turvallisuus/turvakoutsien-taydennyskoulutuksia-ja-tapaamisia-2025/turvakoutsien-taydennyskoulutuksia-ja-tapaamisia-2022-2024,Menneitä Turvakoutsien täydennyskoulutuksia ja tapaamisia - Punainen Risti,,,"fi, sv, en",,200,
not_translated,https://vapaaehtoistieto.punainenristi.fi/terveyden-edistaminen/terveyspisteet,Terveyspisteet - Punainen Risti,,,"fi, sv, en",,200,
not_translated,https://vapaaehtoistieto.punainenristi.fi/jarjestotoiminta/osastojen-tukimateriaalit/osastojen-tuki/jasenhankinta,Jäsenhankinta - Punainen Risti,,,"fi, sv, en",,200,
not_translated,https://vapaaehtoistieto.punainenristi.fi/jarjestotoiminta/osastojen-tukimateriaalit/vapaaehtoisuuden-tuki/eettinen-vastuullinen-ilmastoystavallinen-ja-turvallinen-vapaaehtoistoiminta/vaarinkaytosten-ehkaiseminen-ja-niista-ilmoittaminen,Väärinkäytösten ehkäiseminen ja niistä ilmoittaminen - Punainen Risti,,,"fi, sv, en",,200,
not_translated,https://vapaaehtoistieto.punainenristi.fi/jarjestotoiminta/osastojen-tukimateriaalit/punaisen-ristin-viikko,Punaisen Ristin viikko - Punainen Risti,,,"fi, sv, en",,200,
not_translated,https://vapaaehtoistieto.punainenristi.fi/nuortentoiminta/nuorten-toiminnan-tunnustukset/nuorten-toimijuuden-mahdollistaja-tunnustus,Nuorten toimijuuden mahdollistaja -tunnustus - Punainen Risti,,,"fi, sv, en",,200,
fully_translated,https://vapaaehtoistieto.punainenristi.fi/jarjestotoiminta/vapaaehtoiskouluttajat/kouluttajapaivat,Kouluttajapäivät - Punainen Risti,,"fi, sv, en",,"en, sv, fi",200,
error,https://vapaaehtoistieto.punainenristi.fi/episerver/~/link/56bc82d6a68547f88279f7eeed7cc07c.aspx,,,,"fi, sv, en",,404,HTTP 404
not_translated,https://vapaaehtoistieto.punainenristi.fi/valmius/auttajakurssi,Auttajakurssi - Punainen Risti,,,"fi, sv, en",,200,
fully_translated,https://vapaaehtoistieto.punainenristi.fi/jarjestotoiminta,Järjestötoiminta - Punainen Risti,,"fi, sv, en",,"en, sv, fi",200,
fully_translated,https://vapaaehtoistieto.punainenristi.fi/jarjestotoiminta/vapaaehtoiskouluttajat/kouluttajien-yhteiset-aineistot/auttamisvamiuden-peruskurssin-kouluttajan-materiaali,Auttamisvalmiuden peruskurssi - Punainen Risti,,"fi, sv, en",,"en, sv, fi",200,
not_translated,https://vapaaehtoistieto.punainenristi.fi/ruoka-apu/tule-mukaan-vapaaehtoiseksi,Haluatko vapaaehtoiseksi ruoka-apuun? - Punainen Risti,,,"fi, sv, en",,200,
not_translated,https://vapaaehtoistieto.punainenristi.fi/nuortentoiminta/nuorten-vaikuttajien-verkosto,Nuorten vaikuttajien verkosto - Punainen Risti,,,"fi, sv, en",,200,
not_translated,https://vapaaehtoistieto.punainenristi.fi/ystavatoiminta/ystavatoiminnan-koulutukset/ystavtoiminnan-taydennyskoulutukset/henkinen-tuki-ystaville,Henkinen tuki ystäville - Punainen Risti,,,"fi, sv, en",,200,
partially_translated,https://vapaaehtoistieto.punainenristi.fi/ruoka-apu/ruoka-avun-koordinaation-kehittamishanke,Ruoka-avun kansallisen koordinaation kehittäminen - Punainen Risti,,"fi, sv",en,"sv, fi",200,
partially_translated,https://vapaaehtoistieto.punainenristi.fi/punainen-risti-uudistuu/punainen-risti-uudistuu-tiedotteet/toimintalinjausluonnoksen-palautteissa-korostuvat-paikallisen-auttamisen-merkitys-ja-kriisinkestavyyden-vahvistaminen,Toimintalinjausluonnoksen palautteissa korostuvat paikallisen auttamisen merkitys ja kriisinkestävyyden vahvistaminen - Punainen Risti,,"fi, sv",en,"sv, fi",200,
not_translated,https://vapaaehtoistieto.punainenristi.fi/varainhankinta/yleiset-kerays-ohjeet,Yleiset keräysohjeet - Punainen Risti,,,"fi, sv, en",,200,
not_translated,https://vapaaehtoistieto.punainenristi.fi/jarjestotoiminta/osastojen-tukimateriaalit/osastojen-tuki/osaston-talousohjeet/talousohjeet-rooleittain,Talousohjeet rooleittain - Punainen Risti,,,"fi, sv, en",,200,
partially_translated,https://vapaaehtoistieto.punainenristi.fi/yleiskokous-2026,Yleiskokous 2026  - Punainen Risti,,"fi, sv",en,"sv, fi",200,
not_translated,https://vapaaehtoistieto.punainenristi.fi/valmius/psykososiaalinen-tuki/Henkisen-tuen-kouluttajat,Henkisen tuen kouluttajat - Punainen Risti,,,"fi, sv, en",,200,
not_translated,https://vapaaehtoistieto.punainenristi.fi/varainhankinta/nalkapaiva,Nälkäpäivä – tietoa vapaaehtoisille - Punainen Risti,,,"fi, sv, en",,200,
fully_translated,https://vapaaehtoistieto.punainenristi.fi/jarjestotoiminta/osastojen-tukimateriaalit/vapaaehtoisuuden-tuki/vapaaehtoisten-kiittaminen,Vapaaehtoisten kiittäminen - Punainen Risti,,"fi, sv, en",,"en, sv, fi",200,
not_translated,https://vapaaehtoistieto.punainenristi.fi/valmius/ensiapuryhmatoiminta/ensiapuryhmien-kouluttajat,Ensiapuryhmien kouluttajat - Punainen Risti,,,"fi, sv, en",,200,
not_translated,https://vapaaehtoistieto.punainenristi.fi/maahanmuutto/maahanmuuttotyo/turvapaikanhakijoiden-vastaanotto,Turvapaikan-hakijoiden vastaanotto - Punainen Risti,,,"fi, sv, en",,200,
not_translated,https://vapaaehtoistieto.punainenristi.fi/ruoka-apu/ruoka-apu-osana-auttamisvalmiutta,Ruoka-apu osana auttamisvalmiutta - Punainen Risti,,,"fi, sv, en",,200,
fully_translated,https://vapaaehtoistieto.punainenristi.fi/jarjestotoiminta/oman-tukisivut/oman-ryhmat,OMA:n ryhmät - Punainen Risti,,"fi, sv, en",,"en, sv, fi",200,
not_translated,https://vapaaehtoistieto.punainenristi.fi/ystavatoiminta/ystavatoiminnan-koulutukset/ystavtoiminnan-taydennyskoulutukset/haastavat-tilanteet-ystavatoiminnassa,Haastavat tilanteet ystävätoiminnassa - Punainen Risti,,,"fi, sv, en",,200,
error,https://vapaaehtoistieto.punainenristi.fi/ruoka-apu/~/link/tyomme/kotimaa/ruoka-aputoiminta/~/link/tyomme/kotimaa/ruoka-aputoiminta/~/link/tyomme/kotimaa/ruoka-aputoiminta/~/link/tyomme/kotimaa/ruoka-aputoiminta/~/link/tyomme/kotimaa/ruoka-aputoiminta/~/link/tyomme/kotimaa/ruoka-aputoiminta/~/link/tyomme/kotimaa/ruoka-aputoiminta/~/link/tyomme/kotimaa/ruoka-aputoiminta/~/link/tyomme/kotimaa/ruoka-aputoiminta/~/link/tyomme/kotimaa/ruoka-aputoiminta/~/link/tyomme/kotimaa/ruoka-aputoiminta/~/link/tyomme/kotimaa/ruoka-aputoiminta/~/link/tyomme/kotimaa/ruoka-aputoiminta/~/link/tyomme/kotimaa/ruoka-aputoiminta/~/link/tyomme/kotimaa/ruoka-aputoiminta/~/link/tyomme/kotimaa/ruoka-aputoiminta/~/link/tyomme/kotimaa/ruoka-aputoiminta/~/link/tyomme/kotimaa/ruoka-aputoiminta/~/link/tyomme/kotimaa/ruoka-aputoiminta/~/link/tyomme/kotimaa/ruoka-aputoiminta/~/link/tyomme/kotimaa/ruoka-aputoiminta/~/link/tyomme/kotimaa/ruoka-aputoiminta/~/link/tyomme/kotimaa/ruoka-aputoiminta/~/link/tyomme/kotimaa/ruoka-aputoiminta/~/link/tyomme/kotimaa/ruoka-aputoiminta/~/link/tyomme/kotimaa/ruoka-aputoiminta/~/link/tyomme/kotimaa/ruoka-aputoiminta/~/link/tyomme/kotimaa/ruoka-aputoiminta/~/link/tyomme/kotimaa/ruoka-aputoiminta/~/link/tyomme/kotimaa/ruoka-aputoiminta/~/link/tyomme/kotimaa/ruoka-aputoiminta/~/link/tyomme/kotimaa/ruoka-aputoiminta/~/link/tyomme/kotimaa/ruoka-aputoiminta/~/link/tyomme/kotimaa/ruoka-aputoiminta/~/link/tyomme/kotimaa/ruoka-aputoiminta/~/link/tyomme/kotimaa/ruoka-aputoiminta/~/link/tyomme/kotimaa/ruoka-aputoiminta/~/link/tyomme/kotimaa/ruoka-aputoiminta/~/link/tyomme/kotimaa/ruoka-aputoiminta/~/link/tyomme/kotimaa/ruoka-aputoiminta/~/link/tyomme/kotimaa/ruoka-aputoiminta/~/link/tyomme/kotimaa/ruoka-aputoiminta/~/link/tyomme/kotimaa/ruoka-aputoiminta/~/link/tyomme/kotimaa/ruoka-aputoiminta/~/link/tyomme/kotimaa/ruoka-aputoiminta/~/link/tyomme/kotimaa/ruoka-aputoiminta/~/link/tyomme/kotimaa/ruoka-aputoiminta/~/link/tyomme/kotimaa/ruoka-aputoiminta/~/link/tyomme/kotimaa/ruoka-aputoiminta/~/link/tyomme/kotimaa/ruoka-aputoiminta/~/link/tyomme/kotimaa/ruoka-aputoiminta/~/link/tyomme/kotimaa/ruoka-aputoiminta/~/link/tyomme/kotimaa/ruoka-aputoiminta/~/link/tyomme/kotimaa/ruoka-aputoiminta/~/link/tyomme/kotimaa/ruoka-aputoiminta/~/link/tyomme/kotimaa/ruoka-aputoiminta/~/link/tyomme/kotimaa/ruoka-aputoiminta/~/link/tyomme/kotimaa/ruoka-aputoiminta/~/link/tyomme/kotimaa/ruoka-aputoiminta/~/link/tyomme/kotimaa/ruoka-aputoiminta/~/link/tyomme/kotimaa/ruoka-aputoiminta/~/link/tyomme/kotimaa/ruoka-aputoiminta/~/link/tyomme/kotimaa/ruoka-aputoiminta/~/link/tyomme/kotimaa/ruoka-aputoiminta/~/link/tyomme/kotimaa/ruoka-aputoiminta/~/link/tyomme/kotimaa/ruoka-aputoiminta/~/link/tyomme/kotimaa/ruoka-aputoiminta/~/link/tyomme/kotimaa/ruoka-aputoiminta/~/link/tyomme/kotimaa/ruoka-aputoiminta/~/link/tyomme/kotimaa/ruoka-aputoiminta/~/link/tyomme/kotimaa/ruoka-aputoiminta/~/link/tyomme/kotimaa/ruoka-aputoiminta/~/link/tyomme/kotimaa/ruoka-aputoiminta/~/link/tyomme/kotimaa/ruoka-aputoiminta/~/link/tyomme/kotimaa/ruoka-aputoiminta/~/link/tyomme/kotimaa/ruoka-aputoiminta/~/link/tyomme/kotimaa/ruoka-aputoiminta/~/link/tyomme/kotimaa/ruoka-aputoiminta/~/link/tyomme/kotimaa/ruoka-aputoiminta/~/link/tyomme/kotimaa/ruoka-aputoiminta/~/link/tyomme/kotimaa/ruoka-aputoiminta/~/link/tyomme/kotimaa/ruoka-aputoiminta/~/link/tyomme/kotimaa/ruoka-aputoiminta/~/link/tyomme/kotimaa/ruoka-aputoiminta/~/link/tyomme/kotimaa/ruoka-aputoiminta/~/link/tyomme/kotimaa/ruoka-aputoiminta/~/link/tyomme/kotimaa/ruoka-aputoiminta/~/link/tyomme/kotimaa/ruoka-aputoiminta/~/link/tyomme/kotimaa/ruoka-aputoiminta/~/link/tyomme/kotimaa/ruoka-aputoiminta/~/link/tyomme/kotimaa/ruoka-aputoiminta/~/link/tyomme/kotimaa/ruoka-aputoiminta/~/link/tyomme/kotimaa/ruoka-aputoiminta/~/link/tyomme/kotimaa/ruoka-aputoiminta/~/link/tyomme/kotimaa/ruoka-aputoiminta/~/link/tyomme/kotimaa/ruoka-aputoiminta/~/link/tyomme/kotimaa/ruoka-aputoiminta/~/link/tyomme/kotimaa/ruoka-aputoiminta/~/link/tyomme/kotimaa/ruoka-aputoiminta/~/link/tyomme/kotimaa/ruoka-aputoiminta/~/link/tyomme/kotimaa/ruoka-aputoiminta/~/link/tyomme/kotimaa/ruoka-aputoiminta/~/link/tyomme/kotimaa/ruoka-aputoiminta/~/link/tyomme/kotimaa/ruoka-aputoiminta/~/link/tyomme/kotimaa/ruoka-aputoiminta/~/link/tyomme/kotimaa/ruoka-aputoiminta/~/link/tyomme/kotimaa/ruoka-aputoiminta/~/link/tyomme/kotimaa/ruoka-aputoiminta/~/link/tyomme/kotimaa/ruoka-aputoiminta/~/link/tyomme/kotimaa/ruoka-aputoiminta/~/link/tyomme/kotimaa/ruoka-aputoiminta/~/link/tyomme/kotimaa/ruoka-aputoiminta/~/link/tyomme/kotimaa/ruoka-aputoiminta/~/link/tyomme/kotimaa/ruoka-aputoiminta/~/link/tyomme/kotimaa/ruoka-aputoiminta/~/link/tyomme/kotimaa/ruoka-aputoiminta/~/link/tyomme/kotimaa/ruoka-aputoiminta/~/link/tyomme/kotimaa/ruoka-aputoiminta/~/link/tyomme/kotimaa/ruoka-aputoiminta/~/link/tyomme/kotimaa/ruoka-aputoiminta/~/link/tyomme/kotimaa/ruoka-aputoiminta/~/link/tyomme/kotimaa/ruoka-aputoiminta/~/link/tyomme/kotimaa/ruoka-aputoiminta/~/link/tyomme/kotimaa/ruoka-aputoiminta/~/link/tyomme/kotimaa/ruoka-aputoiminta/~/link/tyomme/kotimaa/ruoka-aputoiminta/~/link/tyomme/kotimaa/ruoka-aputoiminta/~/link/tyomme/kotimaa/ruoka-aputoiminta/~/link/tyomme/kotimaa/ruoka-aputoiminta/~/link/tyomme/kotimaa/ruoka-aputoiminta/~/link/tyomme/kotimaa/ruoka-aputoiminta/~/link/tyomme/kotimaa/ruoka-aputoiminta/~/link/tyomme/kotimaa/ruoka-aputoiminta/~/link/tyomme/kotimaa/ruoka-aputoiminta/~/link/tyomme/kotimaa/ruoka-aputoiminta/~/link/tyomme/kotimaa/ruoka-aputoiminta/~/link/tyomme/kotimaa/ruoka-aputoiminta/~/link/tyomme/kotimaa/ruoka-aputoiminta/~/link/tyomme/kotimaa/ruoka-aputoiminta/~/link/tyomme/kotimaa/ruoka-aputoiminta/~/link/tyomme/kotimaa/ruoka-aputoiminta/~/link/tyomme/kotimaa/ruoka-aputoiminta/~/link/tyomme/kotimaa/ruoka-aputoiminta/~/link/tyomme/kotimaa/ruoka-aputoiminta/~/link/tyomme/kotimaa/ruoka-aputoiminta/~/link/tyomme/kotimaa/ruoka-aputoiminta/~/link/tyomme/kotimaa/ruoka-aputoiminta/~/link/tyomme/kotimaa/ruoka-aputoiminta/~/link/tyomme/kotimaa/ruoka-aputoiminta/~/link/tyomme/kotimaa/ruoka-aputoiminta/~/link/tyomme/kotimaa/ruoka-aputoiminta/~/link/tyomme/kotimaa/ruoka-aputoiminta/~/link/tyomme/kotimaa/ruoka-aputoiminta/~/link/tyomme/kotimaa/ruoka-aputoiminta/~/link/tyomme/kotimaa/ruoka-aputoiminta/~/link/tyomme/kotimaa/ruoka-aputoiminta/~/link/tyomme/kotimaa/ruoka-aputoiminta/~/link/tyomme/kotimaa/ruoka-aputoiminta/~/link/tyomme/kotimaa/ruoka-aputoiminta/~/link/tyomme/kotimaa/ruoka-aputoiminta/~/link/tyomme/kotimaa/ruoka-aputoiminta/~/link/tyomme/kotimaa/ruoka-aputoiminta/~/link/tyomme/kotimaa/ruoka-aputoiminta/~/link/tyomme/kotimaa/ruoka-aputoiminta/~/link/tyomme/kotimaa/ruoka-aputoiminta/~/link/tyomme/kotimaa/ruoka-aputoiminta/~/link/tyomme/kotimaa/ruoka-aputoiminta/~/link/tyomme/kotimaa/ruoka-aputoiminta/~/link/tyomme/kotimaa/ruoka-aputoiminta/~/link/tyomme/kotimaa/ruoka-aputoiminta/~/link/tyomme/kotimaa/ruoka-aputoiminta/~/link/tyomme/kotimaa/ruoka-aputoiminta/~/link/tyomme/kotimaa/ruoka-aputoiminta/~/link/tyomme/kotimaa/ruoka-aputoiminta/~/link/tyomme/kotimaa/ruoka-aputoiminta/~/link/tyomme/kotimaa/ruoka-aputoiminta/~/link/tyomme/kotimaa/ruoka-aputoiminta/~/link/tyomme/kotimaa/ruoka-aputoiminta/~/link/tyomme/kotimaa/ruoka-aputoiminta/~/link/tyomme/kotimaa/ruoka-aputoiminta/~/link/tyomme/kotimaa/ruoka-aputoiminta/~/link/tyomme/kotimaa/ruoka-aputoiminta/~/link/tyomme/kotimaa/ruoka-aputoiminta/~/link/tyomme/kotimaa/ruoka-aputoiminta/~/link/tyomme/kotimaa/ruoka-aputoiminta/~/link/tyomme/kotimaa/ruoka-aputoiminta/~/link/tyomme/kotimaa/ruoka-aputoiminta/~/link/tyomme/kotimaa/ruoka-aputoiminta/~/link/tyomme/kotimaa/ruoka-aputoiminta/~/link/tyomme/kotimaa/ruoka-aputoiminta/~/link/tyomme/kotimaa/ruoka-aputoiminta/~/link/tyomme/kotimaa/ruoka-aputoiminta/~/link/tyomme/kotimaa/ruoka-aputoiminta/~/link/tyomme/kotimaa/ruoka-aputoiminta/~/link/tyomme/kotimaa/ruoka-aputoiminta/~/link/tyomme/kotimaa/ruoka-aputoiminta/~/link/tyomme/kotimaa/ruoka-aputoiminta/~/link/tyomme/kotimaa/ruoka-aputoiminta/~/link/tyomme/kotimaa/ruoka-aputoiminta/~/link/tyomme/kotimaa/ruoka-aputoiminta/~/link/tyomme/kotimaa/ruoka-aputoiminta/~/link/tyomme/kotimaa/ruoka-aputoiminta/~/link/tyomme/kotimaa/ruoka-aputoiminta/~/link/tyomme/kotimaa/ruoka-aputoiminta/~/link/tyomme/kotimaa/ruoka-aputoiminta/~/link/tyomme/kotimaa/ruoka-aputoiminta/~/link/tyomme/kotimaa/ruoka-aputoiminta/~/link/tyomme/kotimaa/ruoka-aputoiminta/~/link/tyomme/kotimaa/ruoka-aputoiminta/~/link/tyomme/kotimaa/ruoka-aputoiminta/~/link/tyomme/kotimaa/ruoka-aputoiminta/~/link/tyomme/kotimaa/ruoka-aputoiminta/~/link/tyomme/kotimaa/ruoka-aputoiminta/~/link/tyomme/kotimaa/ruoka-aputoiminta/~/link/tyomme/kotimaa/ruoka-aputoiminta/~/link/tyomme/kotimaa/ruoka-aputoiminta/~/link/tyomme/kotimaa/ruoka-aputoiminta/~/link/tyomme/kotimaa/ruoka-aputoiminta/~/link/tyomme/kotimaa/ruoka-aputoiminta/~/link/tyomme/kotimaa/ruoka-aputoiminta/~/link/tyomme/kotimaa/ruoka-aputoiminta/~/link/tyomme/kotimaa/ruoka-aputoiminta/~/link/tyomme/kotimaa/ruoka-aputoiminta/~/link/tyomme/kotimaa/ruoka-aputoiminta/~/link/tyomme/kotimaa/ruoka-aputoiminta/~/link/tyomme/kotimaa/ruoka-aputoiminta/~/link/tyomme/kotimaa/ruoka-aputoiminta/~/link/tyomme/kotimaa/ruoka-aputoiminta/~/link/tyomme/kotimaa/ruoka-aputoiminta/~/link/tyomme/kotimaa/ruoka-aputoiminta/~/link/tyomme/kotimaa/ruoka-aputoiminta/~/link/tyomme/kotimaa/ruoka-aputoiminta/~/link/tyomme/kotimaa/ruoka-aputoiminta/~/link/tyomme/kotimaa/ruoka-aputoiminta/~/link/tyomme/kotimaa/ruoka-aputoiminta/~/link/tyomme/kotimaa/ruoka-aputoiminta/~/link/tyomme/kotimaa/ruoka-aputoiminta/~/link/tyomme/kotimaa/ruoka-aputoiminta/~/link/tyomme/kotimaa/ruoka-aputoiminta/~/link/tyomme/kotimaa/ruoka-aputoiminta/~/link/tyomme/kotimaa/ruoka-aputoiminta/~/link/tyomme/kotimaa/ruoka-aputoiminta/~/link/tyomme/kotimaa/ruoka-aputoiminta/~/link/tyomme/kotimaa/ruoka-aputoiminta/~/link/tyomme/kotimaa/ruoka-aputoiminta/~/link/tyomme/kotimaa/ruoka-aputoiminta/~/link/tyomme/kotimaa/ruoka-aputoiminta/~/link/tyomme/kotimaa/ruoka-aputoiminta/~/link/tyomme/kotimaa/ruoka-aputoiminta/~/link/tyomme/kotimaa/ruoka-aputoiminta/~/link/tyomme/kotimaa/ruoka-aputoiminta/~/link/tyomme/kotimaa/ruoka-aputoiminta/~/link/tyomme/kotimaa/ruoka-aputoiminta/~/link/tyomme/kotimaa/ruoka-aputoiminta/~/link/tyomme/kotimaa/ruoka-aputoiminta/~/link/416849e146054b3da9fc5ee8bed6b9c7.aspx,,,,"fi, sv, en",,414,HTTP 414
fully_translated,https://vapaaehtoistieto.punainenristi.fi/punainen-risti-uudistuu/punainen-risti-uudistuu-tiedotteet/avun-tarpeet-kasvavat--tuore-selvitys-tiivistaa-suomalaisen-yhteiskunnan-kohtaamat-haasteet,Avun tarpeet kasvavat – Tuore selvitys tiivistää suomalaisen yhteiskunnan kohtaamat haasteet - Punainen Risti,,"fi, sv, en",,"en, sv, fi",200,
fully_translated,https://vapaaehtoistieto.punainenristi.fi/jarjestotoiminta/vapaaehtoisten-digitaaliset-palvelut,Vapaaehtoisten digitaaliset palvelut - Punainen Risti,,"fi, sv, en",,"en, sv, fi",200,
not_translated,https://vapaaehtoistieto.punainenristi.fi/maahanmuutto/maahanmuuttotyo/materiaaleja,Materiaaleja - Punainen Risti,,,"fi, sv, en",,200,
not_translated,https://vapaaehtoistieto.punainenristi.fi/maahanmuutto/maahanmuuttotyo/yhteistyoverkostot,Maahanmuuttotyön yhteistyöverkostot - Punainen Risti,,,"fi, sv, en",,200,
not_translated,https://vapaaehtoistieto.punainenristi.fi/jarjestotoiminta/osastojen-tukimateriaalit/vapaaehtoisuuden-tuki/eettinen-vastuullinen-ilmastoystavallinen-ja-turvallinen-vapaaehtoistoiminta,"Eettinen, vastuullinen, ilmastoystävällinen ja turvallinen vapaaehtoistoiminta - Punainen Risti",,,"fi, sv, en",,200,
fully_translated,https://vapaaehtoistieto.punainenristi.fi/ruoka-apu/aineellista-apua-ja-osallisuutta,Aineellista apua ja osallisuutta - Punainen Risti,,"fi, sv, en",,"en, sv, fi",200,
not_translated,https://vapaaehtoistieto.punainenristi.fi/maahanmuutto/maahanmuuttotyo/perheyhteyksien-palauttaminen,Perheyhteyksien palauttaminen ja säilyttäminen - Punainen Risti,,,"fi, sv, en",,200,
not_translated,https://vapaaehtoistieto.punainenristi.fi/maahanmuutto/maahanmuuttotyo/sinustako-punaisen-ristin-kouluttaja,Sinustako Punaisen Ristin kouluttaja? - Punainen Risti,,,"fi, sv, en",,200,
not_translated,https://vapaaehtoistieto.punainenristi.fi/maahanmuutto/maahanmuuttotyo/maahantulovarautuminen,Maahantulo-varautuminen - Punainen Risti,,,"fi, sv, en",,200,
not_translated,https://vapaaehtoistieto.punainenristi.fi/terveyden-edistaminen/terveyspisteet/materiaalit-terveyskeskustelujen-tueksi,Materiaalit terveyskeskustelujen tueksi - Punainen Risti,,,"fi, sv, en",,200,
not_translated,https://vapaaehtoistieto.punainenristi.fi/uudistuu/usein-kysytyt-kysymykset-osastosivuista,Usein kysytyt kysymykset osastosivuista - Punainen Risti,,,"fi, sv, en",,200,
not_translated,https://vapaaehtoistieto.punainenristi.fi/ystavatoiminta/ystavatoiminnan-koulutukset/ystavatoiminnan-peruskurssit/ystavakurssi-selkokielella,Ystäväkurssi selkokielellä - Punainen Risti,,,"fi, sv, en",,200,
not_translated,https://vapaaehtoistieto.punainenristi.fi/nuortentoiminta/nuorten-yleiskokous,Nuorten yleiskokous - Punainen Risti,,,"fi, sv, en",,200,
fully_translated,https://vapaaehtoistieto.punainenristi.fi/jarjestotoiminta/vapaaehtoiskouluttajat/kouluttajien-yhteiset-aineistot/ryhmanohjaaja-koulutus,Ryhmänohjaajakoulutus - Punainen Risti,,"fi, sv, en",,"en, sv, fi",200,
not_translated,https://vapaaehtoistieto.punainenristi.fi/terveyden-edistaminen/terveyspisteet/terveystietoa-luotettavasti,Terveystietoa luotettavasti - Punainen Risti,,,"fi, sv, en",,200,
not_translated,https://vapaaehtoistieto.punainenristi.fi/valmius/ensiapuryhmatoiminta/ensiapuryhmien-kouluttajat/ea-paivystysten-hallinnointi,EA-päivystysten hallinnointi - Punainen Risti,,,"fi, sv, en",,200,
partially_translated,https://vapaaehtoistieto.punainenristi.fi/jarjestotoiminta/oman-tukisivut/kayttoonoton-vaiheet-osastossa,OMA:n käyttöönoton vaiheet osastossa - Punainen Risti,,"fi, sv",en,"sv, fi",200,
fully_translated,https://vapaaehtoistieto.punainenristi.fi/jarjestotoiminta/oman-tukisivut/oman-kayttajatasot,OMA:n käyttäjätasot - Punainen Risti,,"fi, sv, en",,"en, sv, fi",200,
not_translated,https://vapaaehtoistieto.punainenristi.fi/terveyden-edistaminen/arjen-turvallisuus/turvakoutsilaukku,Turvakoutsilaukku - Punainen Risti,,,"fi, sv, en",,200,
partially_translated,https://vapaaehtoistieto.punainenristi.fi/jarjestotoiminta/vapaaehtoiskouluttajat/kouluttajien-yhteiset-aineistot/vapaaehtoisten-voimavarapaiva,Vapaaehtoisten voimavarapäivä - Punainen Risti,,"fi, sv",en,"sv, fi",200,
fully_translated,https://vapaaehtoistieto.punainenristi.fi/jarjestotoiminta/vapaaehtoiskouluttajat/kouluttajien-yhteiset-aineistot/punaisen-ristin-esittelymateriaalit,Punaisen Ristin esittelymateriaalit - Punainen Risti,,"fi, sv, en",,"en, sv, fi",200,
partially_translated,https://vapaaehtoistieto.punainenristi.fi/uudistuu,RedNet uudistuu - Punainen Risti,,"fi, sv",en,"sv, fi",200,
not_translated,https://vapaaehtoistieto.punainenristi.fi/terveyden-edistaminen/arjen-turvallisuus/tilaisuuksien-raportointiohjeet,Tilaisuuksien raportointiohjeet - Punainen Risti,,,"fi, sv, en",,200,
partially_translated,https://vapaaehtoistieto.punainenristi.fi/yleiskokous-2026/yleiskokous-2026-uutiset/tervetuloa-rovaniemelle,Tervetuloa yleiskokoukseen 2026 Rovaniemelle! - Punainen Risti,,"fi, sv",en,"sv, fi",200,
not_translated,https://vapaaehtoistieto.punainenristi.fi/maahanmuutto/maahanmuuttotyo/yhteistyoverkostot/kotoutumistarjotin,Kotoutumistarjotin - Punainen Risti,,,"fi, sv, en",,200,
not_translated,https://vapaaehtoistieto.punainenristi.fi/maahanmuutto/maahanmuuttotyo/vapaaehtoiset-kertovat/eeron-tarina---ohjaajana-laksykerhossa,Eeron tarina - ohjaajana läksykerhossa - Punainen Risti,,,"fi, sv, en",,200,
partially_translated,https://vapaaehtoistieto.punainenristi.fi/jarjestotoiminta/koulu--ja-oppilaitosyhteistyo/vapaaehtoistyo-osana-opintoja,Oppilaitosyhteistyö ja vapaaehtoistyö osana opintoja - Punainen Risti,,"fi, sv",en,"sv, fi",200,
error,https://vapaaehtoistieto.punainenristi.fi/Recycle-Bin/ystavatoiminnan-pelisaannot-2026.pdf,,,,"fi, sv, en",,404,HTTP 404
fully_translated,https://vapaaehtoistieto.punainenristi.fi/verkkoauttaminen,Verkkoauttaminen - Punainen Risti,,"fi, sv, en",,"en, sv, fi",200,
partially_translated,https://vapaaehtoistieto.punainenristi.fi/jarjestotoiminta/oman-tukisivut/webinaarit,OMA:n webinaarit - Punainen Risti,,"fi, sv",en,"sv, fi",200,
not_translated,https://vapaaehtoistieto.punainenristi.fi/ystavatoiminta/hyva-joulumieli,Hyvä Joulumieli -keräyksestä vapaaehtoisille - Punainen Risti,,,"fi, sv, en",,200,
not_translated,https://vapaaehtoistieto.punainenristi.fi/maahanmuutto/maahanmuuttotyo/kotoutumisen-tuki,Kotoutumisen tuki – tietoa vapaaehtoisille - Punainen Risti,,,"fi, sv, en",,200,
not_translated,https://vapaaehtoistieto.punainenristi.fi/ruoka-apu/asunnottomien-yo,"Asunnottomien yö 2025: Ei kotia, ei turvaa - Punainen Risti",,,"fi, sv, en",,200,
not_translated,https://vapaaehtoistieto.punainenristi.fi/maahanmuutto/maahanmuuttotyo/maahanmuuttotyon-uutiskirjeet/maahanmuuttotyon-uutiskirje-32025-on-julkaistu,Maahanmuuttotyön uutiskirje 3/2025 on julkaistu! - Punainen Risti,,,"fi, sv, en",,200,
not_translated,https://vapaaehtoistieto.punainenristi.fi/terveyden-edistaminen/paihdetyo/aineistoja_paihdetyohon/materiaaleja-terveyden-edistamisen-ryhmailtoja-varten,Materiaaleja terveyden edistämisen ryhmäiltoja varten - Punainen Risti,,,"fi, sv, en",,200,
partially_translated,https://vapaaehtoistieto.punainenristi.fi/jarjestotoiminta/oman-tukisivut/viimeisimmat-paivitykset,Viimeisimmät päivitykset OMA:ssa - Punainen Risti,,"fi, sv",en,"sv, fi",200,
not_translated,https://vapaaehtoistieto.punainenristi.fi/varainhankinta,Varainhankinta - Punainen Risti,,,"fi, sv, en",,200,
not_translated,https://vapaaehtoistieto.punainenristi.fi/maahanmuutto/maahanmuuttotyon-kouluttajat,Maahanmuuttotyön kouluttajat - Punainen Risti,,,"fi, sv, en",,200,
not_translated,https://vapaaehtoistieto.punainenristi.fi/varainhankinta/yleiset-kerays-ohjeet/eri-maksutavat,Eri maksutavat - Punainen Risti,,,"fi, sv, en",,200,
not_translated,https://vapaaehtoistieto.punainenristi.fi/maahanmuutto/maahanmuuttotyo/kotoutumisen-tuki/ystavatoiminta,Ystävätoiminta maahanmuuttaneen kanssa - Punainen Risti,,,"fi, sv, en",,200,
partially_translated,https://vapaaehtoistieto.punainenristi.fi/jarjestotoiminta/koulu--ja-oppilaitosyhteistyo,Koulu- ja oppilaitosyhteistyö - Punainen Risti,,"fi, sv",en,"sv, fi",200,
fully_translated,https://vapaaehtoistieto.punainenristi.fi/jarjestotoiminta/vapaaehtoiskouluttajat,Vapaaehtois-kouluttajat - Punainen Risti,,"fi, sv, en",,"en, sv, fi",200,
not_translated,https://vapaaehtoistieto.punainenristi.fi/ruoka-apu/ruoka-avun-koordinaation-kehittamishanke/ruoka-avun-jarjestokoordinaation-kehittamishanke-2021-2023-stm,Ruoka-avun järjestökoordinaation kehittämishanke 2021-2023 STM - Punainen Risti,,,"fi, sv, en",,200,
not_translated,https://vapaaehtoistieto.punainenristi.fi/ystavatoiminta/ystavatoiminnan-koulutukset/ystavtoiminnan-taydennyskoulutukset,Ystävätoiminnan täydennys-koulutukset - Punainen Risti,,,"fi, sv, en",,200,
partially_translated,https://vapaaehtoistieto.punainenristi.fi/valmius,Valmius vapaaehtoisille - Punainen Risti,,"fi, sv",en,"sv, fi",200,
fully_translated,https://vapaaehtoistieto.punainenristi.fi/punainen-risti-uudistuu/punainen-risti-uudistuu-tiedotteet/kommentoi-toimintalinjausta-piirien-tyopajoissa,Kommentoi toimintalinjausta piirien työpajoissa - Punainen Risti,,"fi, sv, en",,"en, sv, fi",200,
fully_translated,https://vapaaehtoistieto.punainenristi.fi/jarjestotoiminta/vapaaehtoiskouluttajat/suuri-koulutuspaiva,Suuri koulutuspäivä 7.2.2026 - Punainen Risti,,"fi, sv, en",,"en, sv, fi",200,
fully_translated,https://vapaaehtoistieto.punainenristi.fi/jarjestotoiminta/osastojen-tukimateriaalit/osastojen-tuki/avoimuusrekisteri,avoimuusrekisteri - Punainen Risti,,"fi, sv, en",,"en, sv, fi",200,
not_translated,https://vapaaehtoistieto.punainenristi.fi/ystavatoiminta/ystavatoiminnan-koulutukset/ystavtoiminnan-taydennyskoulutukset/nuoret-ja-mielenterveys,Nuoret ja mielenterveys - Punainen Risti,,,"fi, sv, en",,200,
not_translated,https://vapaaehtoistieto.punainenristi.fi/terveyden-edistaminen/paihdetyo/aineistoja_paihdetyohon/valot-vintissa-peli,Valot vintissä -peli - Punainen Risti,,,"fi, sv, en",,200,
not_translated,https://vapaaehtoistieto.punainenristi.fi/nuortentoiminta/nuorten-yleiskokous/nuorten-yleiskokous-2026/ungdomsstamman-2026,Ungdomsstämman 2026 - Punainen Risti,,,"fi, sv, en",,200,
not_translated,https://vapaaehtoistieto.punainenristi.fi/valmius/psykososiaalinen-tuki/henkinen-kriisikestavyys,Henkinen kriisikestävyys ja yhteisöjen resielienssi - Punainen Risti,,,"fi, sv, en",,200,
not_translated,https://vapaaehtoistieto.punainenristi.fi/terveyden-edistaminen/paihdetyo/paihdetyon-kouluttajat/Huumekuolemien_ehkaisy_ja_ensiapu_koulutukset,Huumekuolemien ehkäisy ja ensiapu -ohjaajat - Punainen Risti,,,"fi, sv, en",,200,
not_translated,https://vapaaehtoistieto.punainenristi.fi/terveyden-edistaminen/paihdetyo/aineistoja_paihdetyohon/arkistojen_aarteita,Arkistojen aarteita - Punainen Risti,,,"fi, sv, en",,200,
partially_translated,https://vapaaehtoistieto.punainenristi.fi/jarjestotoiminta/oman-tukisivut/operaatio--ja-kampanjakohtaiset-ohjeet,Operaatio- ja kampanjakohtaiset ohjeet - Punainen Risti,,"fi, sv",en,"sv, fi",200,
not_translated,https://vapaaehtoistieto.punainenristi.fi/valmius/kotimaan-valmius/kotimaan-apu,Kotimaan apu - Punainen Risti,,,"fi, sv, en",,200,
partially_translated,https://vapaaehtoistieto.punainenristi.fi/jarjestotoiminta/vapaaehtoiskouluttajat/kouluttajakoulutus,Kouluttajakoulutus - Punainen Risti,,"fi, sv",en,"sv, fi",200,
error,https://vapaaehtoistieto.punainenristi.fi/valmius/~/link/3fa5f921fd7d47bf80362433edabff59.aspx,,,,"fi, sv, en",,404,HTTP 404
partially_translated,https://vapaaehtoistieto.punainenristi.fi/punainen-risti-uudistuu/punainen-risti-uudistuu-tiedotteet/vapaaehtoiset-kertoivat-nakemyksiaan-punaisen-ristin-uudistumisesta--tarkeaa-ovat-paikallisuus-ja-jarjestolta-saatava-vapaaehtoisuuden-tuki,Vapaaehtoiset kertoivat näkemyksiään Punaisen Ristin uudistumisesta – Tärkeää ovat paikallisuus ja järjestöltä saatava vapaaehtoisuuden tuki - Punainen Risti,,"fi, sv",en,"sv, fi",200,
not_translated,https://vapaaehtoistieto.punainenristi.fi/maahanmuutto/maahanmuuttotyo/perheyhteyksien-palauttaminen/henkilotiedustelu,Henkilötiedustelu - Punainen Risti,,,"fi, sv, en",,200,
partially_translated,https://vapaaehtoistieto.punainenristi.fi/terveyden-edistaminen/arjen-turvallisuus/turvallisuuskampanjat/pysy-pystyssa--kampanja,Pysy pystyssä -kampanja - Punainen Risti,,"fi, sv",en,"sv, fi",200,
not_translated,https://vapaaehtoistieto.punainenristi.fi/valmius/ensiapuryhmatoiminta/ensiapuryhmien-kouluttajat/ea-paivystajan-peruskurssi,EA-päivystäjän peruskurssi - Punainen Risti,,,"fi, sv, en",,200,
not_translated,https://vapaaehtoistieto.punainenristi.fi/varainhankinta/nalkapaiva/lopputyot,Lopputyöt - Punainen Risti,,,"fi, sv, en",,200,
not_translated,https://vapaaehtoistieto.punainenristi.fi/terveyden-edistaminen/arjen-turvallisuus/turvakoutsien-taydennyskoulutuksia-ja-tapaamisia-2025,Turvakoutsien täydennyskoulutuksia ja tapaamisia 2025 - Punainen Risti,,,"fi, sv, en",,200,
not_translated,https://vapaaehtoistieto.punainenristi.fi/nuortentoiminta/nuorten-yleiskokous/nuorten-yleiskokous,Nuoren yleiskokous 2023 - Punainen Risti,,,"fi, sv, en",,200,
